contract_id,account_id,quickbooks_business_unit_id,quickbooks_customer_id,deal_id,contract_name,contract_description,contract_status,hosting,amount,payment_type,customer_display_type,engagement_type,clickup_folder_id,contract_type,services_provided,contract_start_date,contract_renewal_date,contract_end_date,points_purchased,points_working,points_delivered,points_balance,priority,account_manager,team_manager,points_burden,monthly_points_allotment,link_to_slack_channel,created_at,updated_at,external_id,dollar_per_hour,autorenewal,initial_term_length,subsequent_term_length,notice_period,next_invoice_date
f690d54e-51f6-4f88-89ed-a2449348b031,4846139d-4bdb-453a-91b0-a924c55e37f5,193514801304854,2197,53386141110,Rezku POS - Ongoing Services - Post AGE,"Rezku POS - Ongoing Services - Post AGE

80 Points / $8,000 per month

Marketers in Demand will also gift an additional 20 points/$2,000 in additional services per month resulting in a total of 100 points per month.

Additionally, Marketers in Demand will apply a one-time credit of 60 points onto the account from the Aligned Growth Engine Launch phase.
",active,false,8000.00,invoice,points,strategic,90176366509,recurring,,2026-02-05,,,,,,,Tier 1,95153711,89383198,,80.00,,2026-02-04 18:11:56.24364+00,2026-02-05 03:43:37.955687+00,MID20268831,,true,180,180,45,
4dac7260-a045-454e-bdcd-6a4032b91590,21a640c8-d084-4b9d-afb4-c4ae2f4d3e2d,193514801304854,2192,51379882388,Washington Speakers Bureau - Ongoing Marketing Services,WSB - Ongoing Marketing Services,active,false,20000.00,invoice,points,strategic,90176221159,recurring,,2026-02-01,,,,,,,Tier 1,89312700,89383198,,200.00,,2026-01-30 19:15:15.744627+00,2026-02-07 13:14:25.133591+00,MID20262471,,true,180,180,45,2026-03-01
21c1f06d-5856-4aa1-931a-bba54f9de41c,3a8f91b3-2a35-4bc6-bd60-d77319d725e6,193514801304854,2204,52002383979,DocLib - ABM Growth Engine,DocLib - ABM Growth Engine,active,false,8000.00,invoice,points,strategic,90176366842,project,,2026-01-30,,,,,,,Tier 1,,,,80.00,,2026-01-29 20:19:14.906975+00,2026-02-05 03:43:15.162779+00,MID20266369,,false,,,,
b8931ead-11bd-4bb8-b23e-65ca4a0fb3a0,6f8a1b89-32af-471e-80df-0d9abca8801c,9341452190397078,11,54835542406,Transport Topics - Blog Post Bundle,Transport Topics - Blog Post Bundle - 8 blog psts,active,false,4000.00,invoice,points,tactical,90176118625,project,,2026-02-02,,,,,,,Tier 4,89321438,50351772,,40.00,,2026-01-28 04:36:12.788462+00,2026-02-01 04:50:40.345807+00,MID20263885,,false,,,,
d924b6ca-c99d-4d09-a4c4-93f1a692e0b2,,193514801304854,,4534534534534,Test,Test,active,false,6000.00,invoice,points,strategic,,project,,2026-01-20,,,,,,,Tier 1,,,,60.00,,2026-01-21 19:47:48.664559+00,2026-01-21 19:47:48.664559+00,MID20267756,,false,,,,
bf2e80e6-056e-47fc-8742-9fd8d0d493f5,9c970129-a82a-4c6b-80ee-ae4a4aed6c87,193514801304854,41890,53550487307,Acacia Advisors - Aligned Growth Engine Launch,Acacia Advisors - Aligned Growth Engine Launch,active,false,6000.00,invoice,points,strategic,90175847186,project,,2026-01-12,,,,,,,Tier 1,89288697,89288697,,60.00,,2026-01-16 17:05:58.760796+00,2026-01-26 19:59:35.164145+00,MID20268205,,false,,,,
5d896ad4-1f5d-4464-959d-1d4c8f08f6f5,1a58c74e-d7c8-46df-a56b-c7dbddf7d9e6,9341454074930384,,53664186799,FoxyAI - Extension,FoxyAI - Extension,pending,false,3500.00,invoice,hours,tactical,,recurring,,2026-02-01,,,,,,,Tier 4,89312700,89288697,,35.00,,2026-01-12 15:57:28.639064+00,2026-01-12 15:57:28.639064+00,MID20264158,175,false,365,365,45,
e03f7d0c-27e6-4c01-9906-6795026319f1,c31ac06c-a408-4bd3-ab01-320c7357fc6e,193514801304854,2198,53284608394,Engage USA - Website Project,"Website plan, website build, and testimonials",active,false,15000.00,invoice,points,tactical,90175428513,project,,2026-01-08,,,,,,,Tier 1,89312700,50351772,,0.00,,2026-01-12 03:24:27.365986+00,2026-01-12 20:07:44.990152+00,MID20265733,,false,,,,
8abbb436-2532-4b71-851c-345971fb6976,4846139d-4bdb-453a-91b0-a924c55e37f5,193514801304854,2197,46815402,Rezku POS - Aligned Growth Engine Launch,Rezku POS - Aligned Growth Engine Launch,inactive,false,3000.00,invoice,points,strategic,90175301539,project,,2026-01-12,,,,,,,Tier 1,89288697,89288697,,30.00,,2026-01-06 16:30:06.822616+00,2026-02-05 03:10:28.080986+00,MID20267991,,false,,,,
4a5de0f1-d8e4-48ef-b0f4-f5ffdff3e45f,9aba6885-4a8b-4045-92ae-86d73eedd20d,193514801304854,2196,49134767250,CoachHub - ABM Aligned Growth Engine,Aligned Growth Engine focused on ABM,canceled,false,0.00,invoice,points,strategic,90174964255,project,,2025-12-14,,,,,,,Tier 1,89288697,89288697,,0.00,,2025-12-23 21:18:11.667536+00,2026-01-22 03:14:55.776132+00,MID20253071,,false,,,,
3b436296-e287-40d4-a508-3da122f84d7d,3c8fe5aa-bdd7-42ec-a4e1-7472d06fa449,193514801304854,2102,52332113843,AutoBytes - 2026 Services,AutoBytes - 2026 Services,active,false,4000.00,invoice,points,strategic,90174968281,recurring,,2025-12-31,,,,,,,Tier 1,89321438,89288697,,70.00,,2025-12-22 15:04:12.947637+00,2026-02-07 13:14:28.34555+00,MID20253356,,true,365,90,45,2026-03-01
30a4aca3-1a3f-46e1-b24f-1c6e39580e6f,c761d094-10e0-40f5-b2d4-42c920bf36a0,193514801304854,2195,38333882931,Milestone Towers - Aligned Growth Engine,"In-Depth Research and Strategy Process
Comprehensive analysis of historical performance, market landscape, and competitor positioning to build a tailored strategy.
Alignment on Goals and Success Metrics
Collaborate to define “ROI” for your business and ensure both teams share a unified understanding of objectives and key metrics.
Annual and Quarterly Goal Setting 
Establish benchmarks, define key metrics, and outline a strategic roadmap for the first quarter.
Foundation Research & Roadmap Documentation
Delivery of 100+ pgs. of documentation outlining the results of both the research and strategy work completed during the launch phase.
",active,false,8000.00,invoice,points,strategic,90175301117,project,,2025-12-12,,,,,,,Tier 1,89288697,89288697,,0.00,,2025-12-12 17:57:44.181297+00,2026-01-23 20:38:51.991054+00,MID20252432,,false,,,,
6c3d92d3-138c-4e37-a488-ef1cc27aae0a,54392a3a-f576-468d-ac04-5a40ab0a19fb,193514801304854,2189,48476347916,Gallagher & Mohan - Ongoing Marketing Services - Post AGE,Gallagher & Mohan - Ongoing Marketing Services - Post AGE,active,false,6000.00,invoice,points,strategic,90174760409,recurring,,2025-12-14,,,,,,,Tier 1,89230992,89288697,,60.00,,2025-12-08 19:19:19.438903+00,2026-02-07 13:14:23.092055+00,MID20256782,,true,180,180,-45,2026-03-01
b457c868-792c-4a19-b4bd-7fc7176867a3,21a640c8-d084-4b9d-afb4-c4ae2f4d3e2d,193514801304854,2192,48181079355,Washington Speaker's Bureau - Aligned Growth Engine Launch,Washington Speaker's Bureau - Aligned Growth Engine Launch,inactive,false,6000.00,invoice,points,strategic,90174558390,project,,2025-12-04,,,,,,,Tier 1,60810281,60810281,,0.00,,2025-12-04 18:34:12.767454+00,2026-02-01 04:54:21.025855+00,MID20251958,,false,,,,
58227204-4a34-452c-b398-edcbfae6d3b1,55be1d17-d742-41f5-89d5-7e60763f12c8,9341454074930384,14,47416277118,Rugged Robotics - Marketing services,"Based on conversations and information shared by Rugged
Robotics, we have prepared a list of priorities for this
engagement. Services may include (but is not limited to)
any of the following:
● Manage ABM
● Manage Paid Media
● Manage Website
● Manage Performance Reporting
● Manage Tech Stack
● Conduct Weekly Meetings
The above equates to ~50 points per month
",active,false,6000.00,invoice,points,tactical,90174380918,recurring,,2025-12-01,,,,,,,Tier 4,89230992,50351772,,60.00,,2025-12-02 01:40:15.13252+00,2026-02-07 13:14:28.056054+00,MID20251456,,true,150,150,45,2026-03-01
a9eb84d6-efa2-410d-82f0-2cf82b501d51,699069be-c709-4688-b654-d8c449068d9c,193514801304854,2186,46794722862,Kersten Talent Capital - Aligned Growth Engine Ongoing Services,Kersten Talent Capital - Aligned Growth Engine Ongoing Services,active,false,8000.00,invoice,points,strategic,90173953398,recurring,,2025-11-13,,,,,,,Tier 4,89312700,89288697,,100.00,,2025-11-13 17:09:40.371661+00,2026-02-07 13:14:23.913711+00,MID20256525,,false,365,365,45,2026-03-01
957fb353-ca92-4dce-b0a7-ecf9cdc0a005,12730ff9-d84e-4ff3-a9ef-110ec6b845f0,9341454074930384,58,48171775030,Encamp - Ebook Designs,Ebook designs for two key deliverables,pending,false,3000.00,invoice,points,tactical,,project,,2025-11-05,,,,,,,Tier 1,60810284,60810284,,0.00,,2025-11-06 02:26:27.679752+00,2025-11-06 02:26:27.679752+00,MID20254794,,false,,,,
6140e925-28be-42cd-9677-83ecea3f8fe7,54392a3a-f576-468d-ac04-5a40ab0a19fb,193514801304854,2189,45664271499,Gallagher & Mohan - Aligned Growth Engine Launch,Gallagher & Mohan - Aligned Growth Engine Launch,inactive,false,0.00,invoice,points,strategic,90173686601,project,,2025-11-12,,,,,,,Tier 1,60810281,60810284,,0.00,,2025-11-04 19:39:11.366492+00,2025-12-15 03:51:52.62555+00,MID20252000,,false,,,,
f7092b09-1110-4278-8f9e-97813f4d72f6,16f2a4d7-e5c4-4a9a-9eb3-ba870753d3bb,193514801304854,2185,46997573430,Aquatic Informatics - Additional Q4 Marketing Services Support,Additional support for Q4 marketing activities,active,false,12000.00,invoice,points,tactical,90173553916,project,,2025-11-01,,,,,,,Tier 3,95153711,89288697,,0.00,,2025-10-30 02:34:21.233246+00,2026-02-07 13:14:25.792793+00,MID20254834,,false,,,,2025-11-01
e860f4c7-e7eb-4f33-bfbe-89ce6c3af900,8d374897-edf2-47d6-96dc-fd2688c53959,193514801304854,2187,43739929877,Magnalign - Video Project Bundle,Magnalign - Video Project Bundle,active,false,13500.00,invoice,points,tactical,90173466176,project,,2025-10-28,,,,,,,Tier 3,89312700,50351772,,0.00,,2025-10-23 15:46:53.33737+00,2025-11-12 03:33:42.354261+00,MID20258018,,false,,,,
0570d078-cd49-466f-80b7-ba1228ba3dd7,,9341454074930384,,45748739381,Bionomous - Aligned Growth Engine Launch,Bionomous Aligned Growth Engine Launch,inactive,false,0.00,invoice,points,strategic,90173403282,project,,2025-10-24,,,,,,,Tier 1,60810284,60810284,,0.00,,2025-10-21 17:15:08.105987+00,2025-12-22 14:16:24.302496+00,MID20256341,,false,,,,
6d17d12c-f90a-4922-84c7-a5801498aa5d,,193514801304854,2186,45725819544,Kersten Talent Capital - Aligned Growth Engine Launch,Aligned Growth Engine Launch,inactive,false,6000.00,invoice,points,strategic,90173365046,project,,2025-10-22,,,,,,,Tier 1,60810284,60810284,,60.00,,2025-10-21 16:26:50.972884+00,2025-11-17 02:18:09.843926+00,MID20253604,,false,,,,
100d00ca-8406-41c9-b765-b23852387939,,9341452190397078,,45894056034,Lumen5 - Show Notes,10 Show Notes,pending,false,2000.00,invoice,points,tactical,,project,,2025-11-01,,,,,,,Tier 4,89321438,60810281,,20.00,,2025-10-13 14:45:43.555152+00,2025-10-13 14:45:43.555152+00,MID20252351,,false,,,,
c632e055-a06d-4eab-8e52-d1ac3868840f,23285852-b7f1-4eba-9009-db7b0a18f1be,193514801304854,,34639415820,Powerhouse Gym - Hubspot Reseller,Resold Hubspot,active,true,181.50,invoice,points,tactical,,recurring,,2025-03-25,,,,,,,Tier 4,60810284,60810284,,0.00,,2025-09-29 20:47:42.63316+00,2025-09-29 20:47:42.63316+00,MID20258655,,false,365,0,0,
ddb3d91b-9847-429f-b991-46514420823a,522d9959-54cd-45b1-b415-7c686e3f7b72,193514801304854,,39040542594,Ponce Bank - Hubspot Reseller Deal,Referral commission for reselling Hubspot,active,true,1178.87,invoice,points,tactical,,recurring,,2025-06-27,,,,,,,Tier 4,60810284,60810284,,0.00,,2025-09-29 20:45:30.645817+00,2025-09-29 20:45:30.645817+00,MID20253745,,false,365,0,0,
01e47a61-3d82-419c-8c13-5ae133cfe995,e20a794e-5461-4e26-81a2-e53eae6e4e37,193514801304854,,43715516006,Adorama Business Solutions - Initial Contract,Adorama Business Solutions - Initial Contract,pending,false,6300.00,invoice,points,tactical,,recurring,,2025-09-22,,,,,,,Tier 1,60810284,60810284,,63.00,,2025-09-18 16:26:32.814966+00,2025-09-18 16:26:32.814966+00,MID20254683,,true,30,30,30,
d3791562-e535-47cb-ad27-26ae5e00ea35,94f044ac-c67d-4c4c-818c-de31211b3ef8,193514801304854,,43694829316,MONTICELLOAM - Aligned Growth Engine Launch,Aligned Growth Engine Launch,inactive,false,0.00,invoice,points,strategic,90172690314,project,,2025-09-18,,,,,,,Tier 1,60810284,60810284,,0.00,,2025-09-18 13:13:51.199887+00,2025-11-17 02:15:51.196066+00,MID20253679,,false,,,,
c7b01334-501f-485f-9d59-298d0358d787,8d374897-edf2-47d6-96dc-fd2688c53959,193514801304854,2181,40474701716,Magnalign - Aligned Growth Engine,Aligned Growth Engine,inactive,false,0.00,invoice,points,strategic,90172685647,project,,2025-09-18,,,,,,,Tier 1,60810284,60810284,,0.00,,2025-09-16 15:16:22.265025+00,2025-10-30 22:11:12.495494+00,MID20255806,,false,,,,
a557ffc1-15ed-4391-99ba-01fae00017c5,6f5c4a6f-c974-49ed-8ed5-3572eaa40d1f,193514801304854,2179,43542904929,Data Assessment Solutions - Ongoing Marketing Services,"ABM, content for the U.S. market",active,false,8000.00,invoice,points,strategic,90172685723,recurring,,2025-09-16,,,,,,,Tier 4,89230992,89288697,,80.00,,2025-09-11 01:17:51.798678+00,2026-02-07 13:14:24.922934+00,MID20255120,,true,90,90,-30,2026-03-01
c89967de-765d-40eb-b138-eb5fb8de0660,16f2a4d7-e5c4-4a9a-9eb3-ba870753d3bb,193514801304854,2185,43098985042,Aquatic Informatics - Hubspot Implementation,Hubspot implementation,active,false,10000.00,invoice,points,strategic,90173310160,recurring,,2025-10-21,,,,,,,Tier 3,95153711,89288697,,100.00,,2025-09-10 01:42:31.872183+00,2026-02-07 13:14:26.423293+00,MID20252924,,true,180,90,-45,2026-03-01
29db08f1-c4df-44a6-bdea-aa91dbfaf268,6f5c4a6f-c974-49ed-8ed5-3572eaa40d1f,193514801304854,,41953535554,Data Assessment Solutions - Aligned Growth Engine,Aligned Growth Engine launch.,inactive,false,0.00,invoice,points,strategic,90172650172,project,,2025-08-27,,,,,,,Tier 1,89321438,89288697,,0.00,,2025-08-27 16:05:28.089741+00,2025-09-16 22:33:06.091664+00,MID20251898,,false,,,,
3eb5fb63-131c-48c4-84d6-bde0b4654403,e330a1ec-650e-40c9-9c38-37df49667e05,9341452190397078,,41659516525,ECRI - Whitepaper - Virtual Roundtables,7000 designed white paper,inactive,false,0.00,invoice,points,tactical,90172636086,project,,2025-08-20,,,,,,,Tier 4,50351772,50351772,,0.00,,2025-08-12 15:22:51.65857+00,2025-10-02 00:53:37.159544+00,MID20252540,,false,,,,
478c3bad-8b4b-4738-9db7-4c4ffb6db768,7cababd4-09cf-461b-aa83-69124deca181,193514801304854,2174,40445863050,Ecosystems - Aligned Growth Engine,This will be an Aligned Growth Engine. We're doing it for $0 so we'll need to credit 80 (60?) points to them. This will have massive upside and will be spearheaded by Tristan and Justin.,active,false,0.00,invoice,points,strategic,90172614805,project,,2025-08-08,,,,,,,Tier 1,60810284,60810281,,0.00,,2025-08-09 15:22:37.23825+00,2025-08-09 15:22:37.23825+00,MID20253508,,false,,,,
b94b3de3-0ca9-4b43-aef7-bbcbda0291c3,90ebbba4-66a2-4e91-aeb6-f2004b9cc81a,123145757279014,903,39892885600,Friends & Family Capital,"Repurposing a webinar

Based on conversations and information shared by Friends & Family Capital, we have prepared a  list of priorities for this content marketing services proposal. Services will include the following: 

Intro/outro + intro/outro animations
Graphics package
Full length edited version
Short clips for social
",inactive,false,2000.00,invoice,points,tactical,90172614095,project,,2025-08-01,,,,,,,Tier 4,50351772,50351772,,20.00,,2025-08-01 00:02:42.003374+00,2025-09-29 20:50:55.986696+00,MID20258111,,false,,,,
e2cbcc56-0f7b-4579-a6bc-346bd69d1e1d,0fb4e1e4-90ef-45dc-b732-8f108bd71241,193514801304854,2162,40852271013,Savvy Source - Monthly marketing services,"ABM, content, reporting",inactive,false,4000.00,invoice,points,strategic,90172589972,recurring,,2025-08-01,,,,,,,Tier 2,89281182,89158970,,60.00,,2025-07-25 17:55:23.596524+00,2025-10-24 17:49:57.062252+00,MID20253882,,true,90,90,-15,2025-11-01
1bd2f1c1-83fd-45c6-9e2b-e4a655e1287e,c556e099-bf47-41f6-aad5-a5c9699df73e,193514801304854,2159,39015463566,Chetu - Monthly Marketing Services,"Webinar and Influencer Strategies. ",pending,false,30000.00,invoice,points,strategic,XXXXXXXXXXX,recurring,,2025-08-01,,,,,,,Tier 1,50351772,50351772,,300.00,,2025-07-25 03:37:52.578684+00,2025-07-25 03:37:52.578684+00,MID20253005,,false,90,30,-15,
5658badd-6edf-443b-80eb-f0756c672ef4,e19e227c-eee9-43ac-b48e-f36faa88ae08,,902,34631459448,Caxton - Podcast series,A set of 12 podcast episodes to support a NYT book,pending,false,12000.00,invoice,points,tactical,XXXXXXXXXXX,project,,2025-08-01,,,,,,,Tier 1,50351772,50351772,,0.00,,2025-07-24 13:42:22.697565+00,2025-07-24 13:42:22.697565+00,MID20258984,,false,,,,
c128746b-c63f-44c9-8796-091061581bab,f6fe0b46-52a7-4265-8509-5e78b2b84675,123145757279014,889,39333709418,Ease - Content marketing services,Additional content services,inactive,false,5000.00,invoice,points,tactical,90172586528,recurring,,2025-07-17,,,,,,,Tier 4,89312700,50351772,,55.00,,2025-07-17 18:16:50.932386+00,2026-02-01 04:29:32.081554+00,MID20255660,,true,90,90,-45,2025-08-01
995836fa-9b0e-4372-aa4f-43da57a9e2f1,522d9959-54cd-45b1-b415-7c686e3f7b72,9341454074930384,61,35627608989,Ponce Bank - Website design and development,"Develop new website (using Hubspot as the CMS) ",active,false,0.00,invoice,points,tactical,90172561600,project,,2025-07-11,,,,,,,Tier 4,95153711,89288697,,0.00,,2025-07-11 17:14:29.322091+00,2026-02-07 13:14:28.627484+00,MID20251069,,false,,,,2025-09-15
b451dadd-ff7d-4598-b89d-2b372c7617cd,0fb4e1e4-90ef-45dc-b732-8f108bd71241,193514801304854,2162,38791325452,"Savvy Source - Aligned Growth Engine ",Discounted AGe,inactive,false,4000.00,invoice,points,strategic,90172542989,project,,2025-06-30,,,,,,,Tier 1,60810284,60810281,,0.00,,2025-06-30 22:58:43.386171+00,2025-08-02 22:40:33.154622+00,MID20258017,,false,,,,
5248c108-7dc2-454f-b4e5-369d59090804,522d9959-54cd-45b1-b415-7c686e3f7b72,9341454074930384,61,35617639566,"Ponce Bank - Creative, Digital, and Website Retainer","Creative, digital and website retainer services",active,false,8750.00,invoice,hours,tactical,90172534599,recurring,,2025-07-01,,,,,,,Tier 4,95153711,89288697,,87.00,,2025-06-29 19:51:24.605181+00,2026-02-07 13:14:26.561419+00,MID20258718,175,false,365,0,90,2026-03-01
cc1ce2cb-a498-4faa-b597-520c3d467e87,59876373-8748-4da9-b18c-e4da8a9d1ef8,193514801304854,2153,36988018797,LiveRecover - Marketing services,Ongoing marketing services,canceled,false,7000.00,invoice,points,strategic,90172531060,recurring,,2025-06-26,,,,,,,Tier 4,89288697,89288697,,70.00,,2025-06-18 19:00:24.598289+00,2025-09-22 23:55:17.601868+00,MID20256195,,true,180,180,-45,2025-10-01
508ea6ec-7573-4485-8710-fdc7a89a4b42,3ac4ec5d-aaf9-4643-ad4e-3683a0a22145,9341454074930384,51,34743588098,Finfare - Campaign management retainer,Campaign management,canceled,false,5250.00,invoice,points,tactical,XXXXXXXXXXX,recurring,,2025-06-12,,,,,,,Tier 4,89305543,89288697,,52.50,,2025-06-13 20:22:23.821338+00,2025-09-23 00:08:31.043446+00,MID20253135,,false,203,0,-30,2025-08-22
179a655c-21f3-41de-b37f-6bcd06586129,3ac4ec5d-aaf9-4643-ad4e-3683a0a22145,9341454074930384,51,34740228782,Finfare - Creative services retainer,Creative services,canceled,false,5250.00,invoice,hours,tactical,90172504974,recurring,,2025-06-12,,,,,,,Tier 4,89305543,89288697,,52.50,,2025-06-13 20:20:18.335332+00,2025-09-23 00:16:29.166998+00,MID20251925,175,false,203,0,-30,2025-07-22
98836a1b-118c-4343-ab59-020ae80d9fef,12730ff9-d84e-4ff3-a9ef-110ec6b845f0,9341454074930384,58,38465587247,Encamp - Brand activation project,Brand activation project,active,false,0.00,invoice,points,tactical,90172504180,project,,2025-06-12,,,,,,,Tier 4,89383198,50351772,,0.00,,2025-06-12 17:19:00.951149+00,2026-02-07 13:14:24.093547+00,MID20257475,,false,,,,2025-07-01
7289617f-bdcb-4246-ae70-0e0b4ade76ed,c0f0911a-de89-40b8-a21b-1aceac504178,9341452190397078,42,38591271227,Voyage Vet Advisors - Video Project,Video project,pending,false,4500.00,invoice,points,tactical,XXXXXXXXXXX,project,,2025-06-15,,,,,,,Tier 1,60810281,60810281,,0.00,,2025-06-06 15:41:24.160512+00,2025-06-06 15:41:24.160512+00,MID20254476,,false,,,,
e08472e9-b4e6-4674-baf5-758f4edddc45,c556e099-bf47-41f6-aad5-a5c9699df73e,193514801304854,2159,37936566866,Chetu - Aligned growth engine,Aligned growth engine leading to the long-term engagement,inactive,false,0.00,invoice,points,strategic,90172509652,project,,2025-06-09,,,,,,,Tier 1,60810284,60810281,,0.00,,2025-06-04 14:40:15.316295+00,2025-07-20 16:14:57.617318+00,MID20253337,,false,,,,
babf02ac-00c0-4d5d-b163-270e75156da5,9203aa42-a366-49f0-9a53-34e841ec8788,193514801304854,2154,35447504774,Summa SCI - Aligned Growth Engine,Aligned growth engine project designed to turn into a long term engagement,canceled,false,0.00,invoice,points,strategic,90172466103,project,,2025-05-21,,,,,,,Tier 1,89298465,60810281,,0.00,,2025-05-29 22:48:57.802155+00,2025-06-05 13:41:07.806394+00,MID20251755,,false,,,,
c8b17ad2-6700-4932-aca9-0db2700bcac6,59876373-8748-4da9-b18c-e4da8a9d1ef8,193514801304854,2153,36402520580,LiveRecover - Aligned Growth Engine,An AGE client for $0 designed to turn into a longer term agreement.,inactive,false,0.00,invoice,points,strategic,90172427572,project,,2025-05-13,,,,,,,Tier 1,89298465,60810281,,0.00,,2025-05-29 21:13:48.472363+00,2025-06-30 04:05:51.707253+00,MID20259155,,false,,,,
4050d3ef-ff2a-4d4d-8aca-4cad9a38dcd4,88223519-0ff1-411d-a3ad-01227c71b592,193514801304854,2152,37360291636,Enki - Aligned Growth Engine,Initial contract / deal for the Aligned Growth Engine; we are doing this to win the longer term engagement.,inactive,false,0.00,invoice,points,strategic,90172472743,project,,2035-05-29,,,,,,,Tier 1,89298465,60810281,,0.00,,2025-05-29 20:47:53.049536+00,2025-06-30 12:40:58.107023+00,MID20251093,,false,,,,
116bf3dc-0f42-434b-b28a-9f0d95d7a817,e330a1ec-650e-40c9-9c38-37df49667e05,9341452190397078,36,37157807129,ECRI - 3 blog post content bundle,"10 Principles of Systems Thinking (starts on slide 68)
14 Design Heuristics (rules of thumb) (starts on slide 41)
5 Rules of Thinking Like a Human Factors Engineer (starts on slide 115)",active,false,1800.00,invoice,points,tactical,90172469558,project,,2025-05-27,,,,,,,Tier 4,89321438,50351772,,0.00,,2025-05-27 18:27:23.522715+00,2025-07-21 04:08:18.086334+00,MID20259220,,false,0,0,0,
dc8bbe01-b539-4826-bc43-ba8be01d6cb5,43ff3784-5836-42a7-bfb6-771da4663abe,193514801304854,2101,29418410521,Noetic - Aligned Growth Engine,Aligned growth engine,completed,false,8000.00,invoice,points,strategic,,project,,2024-12-22,,,,,,,Tier 4,,,,0.00,,2025-05-26 20:22:31.30743+00,2025-05-26 20:23:06.054398+00,MID20256815,,false,,,,
18eff30d-62ca-436c-8373-94bbbfb75542,16d05491-2b17-4dd8-bf33-605c60ef1ab3,193514801304854,2144,36987863846,Agrippon - Marketing services,Stuff,active,false,5000.00,invoice,points,strategic,90172414537,recurring,,2025-06-01,,,,,,,Tier 4,89230992,89383198,,50.00,,2025-05-19 20:38:49.000636+00,2026-02-07 13:14:27.486662+00,MID20258909,,true,180,90,-45,2026-03-01
b432e942-7ac8-4cf8-bd90-840f2cc777c5,3ac4ec5d-aaf9-4643-ad4e-3683a0a22145,9341454074930384,51,34606799704,Finfare - Brand activation project,"Brand activation project, including website development",inactive,false,0.00,invoice,points,tactical,90172306400,project,,2025-03-26,,,,,,,Tier 4,89305543,89288697,,0.00,,2025-05-19 03:05:07.562162+00,2025-09-23 00:07:25.358385+00,MID20252352,,false,,,,2025-07-17
1219af52-d894-4a16-8a74-eb0c8e864dc8,e1e147af-0add-4386-8f86-fda25c0835f9,123145757279014,892,21821110335,RapidSOS - Podcast production services,Podcast production services,canceled,false,2500.00,credit_card,points,tactical,,recurring,,2024-01-18,,,,,,,Tier 4,50351772,50351772,,25.00,,2025-05-15 04:25:57.41537+00,2025-05-26 21:11:43.199539+00,MID20259483,,true,90,90,-45,
f3cb0207-af5f-4b5e-b098-c52ac701d52a,f1e64f4b-5474-4b45-b045-0d3b1dbd8302,123145757279014,868,XXXXXXXXXX,Modis Dental - Podcast production services,"3 shows, 3 episodes per month",canceled,false,4500.00,invoice,points,tactical,90020895770,recurring,,2024-04-01,,,,,,,Tier 4,89312700,50351772,,45.00,,2025-05-15 04:21:27.524591+00,2025-11-22 15:35:03.578667+00,MID20253091,,true,90,90,-45,2026-01-01
648908a5-1300-438a-afb1-24661a4173d7,4fc465ac-6d3e-4370-bdda-5e3c9567a9a2,193514801304854,1382,XXXXXXXXXXX,24-7 Dance - Hosting,Website hosting plan,active,true,50.00,invoice,points,tactical,,recurring,,2024-01-01,,,,,,,Tier 4,67296059,55396562,,0.50,,2025-05-15 04:10:26.580706+00,2025-05-15 04:10:26.580706+00,MID202510021,,true,30,30,-30,
f2384a1a-9ec0-4c7b-a949-031eddff3540,00a79866-c71b-45cb-8286-76cc02d3de18,193514801304854,237,XXXXXXXXXXX,Atlanta Micro - Hosting,Website hosting plan,active,true,100.00,invoice,points,tactical,,recurring,,2024-01-17,,,,,,,Tier 4,67296059,55396562,,1.00,,2025-05-15 04:10:26.580706+00,2026-02-07 13:14:28.128817+00,MID202510019,,true,365,365,-30,2027-01-01
d6be0731-d859-4579-ba87-d0dcb08d5406,cd2f34ad-cea4-4c1e-b928-fb183f684228,193514801304854,372,XXXXXXXXXXX,Baseline Technologies - Hosting,"Website Care Plan: Hosting & Updates

https://dashboard.stripe.com/acct_1NiRVqEIu4BG5ePB/subscriptions/sub_1OtuMIEIu4BG5ePBc7QHjIcs",active,true,200.00,credit_card,points,tactical,,recurring,,2024-03-13,,,,,,,Tier 4,67296059,55396562,,2.00,,2025-05-15 04:10:26.580706+00,2026-01-02 20:10:39.654396+00,MID202510002,,true,30,30,-30,
dc9eaf9a-e57a-493b-9b89-08d8a6e88bb1,6f3ca706-5b83-495d-8fd1-4cbfde1fe0c5,193514801304854,268,XXXXXXXXXXX,Bel Air Construction - Hosting,Website Care Plan: Hosting & Updates,canceled,true,200.00,credit_card,points,tactical,,recurring,,2024-01-24,,,,,,,Tier 4,67296059,55396562,,2.00,,2025-05-15 04:10:26.580706+00,2026-01-02 20:14:30.578596+00,MID202510012,,true,30,30,-30,
fbb63e16-8c62-493f-98b5-a5939879a069,97704ce5-4011-4798-ab82-48edeb00b62b,193514801304854,2149,XXXXXXXXXXX,Bill Hall DDS - Hosting,"Website Care Plan: Hosting & Updates

https://dashboard.stripe.com/acct_1NiRVqEIu4BG5ePB/subscriptions/sub_1OmhKuEIu4BG5ePBf7WOXJMO",active,true,200.00,credit_card,points,tactical,,recurring,,2024-02-22,,,,,,,Tier 4,67296059,55396562,,2.00,,2025-05-15 04:10:26.580706+00,2026-01-02 20:15:05.965151+00,MID202510013,,true,30,30,-30,
00834e62-1f86-4cc0-84cc-336f332f9cda,b65fae31-f89d-4ac9-a1d7-4651dfa14542,193514801304854,1414,XXXXXXXXXXX,Classic Home Advisors - Hosting,Website hosting plan,active,true,50.00,invoice,points,tactical,,recurring,,2021-05-01,,,,,,,Tier 4,67296059,55396562,,0.50,,2025-05-15 04:10:26.580706+00,2026-02-07 13:14:25.619278+00,MID202510024,,true,365,365,-30,2026-05-01
18153aff-5cf2-4d09-9eac-af5511c9d614,087511ff-83d7-4964-87c5-e7ab0ecb8f9c,193514801304854,1319,XXXXXXXXXXX,Community IT - Hosting,Website hosting plan,active,true,295.00,invoice,points,tactical,,recurring,,2024-01-18,,,,,,,Tier 4,67296059,55396562,,3.00,,2025-05-15 04:10:26.580706+00,2026-02-07 13:14:26.494107+00,MID202510020,,true,365,365,-30,2027-01-01
00dd4d8e-1900-40a5-a85a-5a430fe25d86,6726c5c5-20e6-41ba-9c0f-d7501257ed5b,193514801304854,1413,XXXXXXXXXXX,Conklyn and Kemp - Hosting,Website hosting plan,active,true,50.00,invoice,points,tactical,,recurring,,2021-04-01,,,,,,,Tier 4,67296059,55396562,,0.50,,2025-05-15 04:10:26.580706+00,2026-02-07 13:14:26.630509+00,MID202510022,,true,365,365,-30,2026-04-01
2b001395-4c06-4b6c-8258-744e9ce8241d,0eea60e4-626e-4cb2-b28f-37903efc350c,193514801304854,391,XXXXXXXXXXX,Crowley Company - Hosting,Website hosting plan,active,true,350.00,invoice,points,tactical,,recurring,,2024-01-18,,,,,,,Tier 4,67296059,55396562,,3.50,,2025-05-15 04:10:26.580706+00,2026-02-07 13:14:26.846182+00,MID202510017,,true,365,365,-30,2027-01-01
8c3efc1a-d16f-44c0-a129-17372ba28be1,6dd752c7-c748-402c-8080-bcf1cf92a798,193514801304854,1296,XXXXXXXXXXX,Dedicated Tanker Group - Hosting,"Website Care Plan: Hosting & Updates

https://dashboard.stripe.com/acct_1NiRVqEIu4BG5ePB/subscriptions/sub_1OuJI8EIu4BG5ePB91jKqVun",active,true,100.00,credit_card,points,tactical,,recurring,,2024-03-14,,,,,,,Tier 4,67296059,55396562,,1.00,,2025-05-15 04:10:26.580706+00,2026-01-02 20:16:04.989723+00,MID202510016,,true,30,30,-30,
32580710-91d5-4208-aa5b-c20a6bceece6,ae405a3a-df5e-4724-902a-624675526e1b,193514801304854,1335,XXXXXXXXXXX,Edgewater Federal - Hosting,Website hosting plan,inactive,true,545.00,invoice,points,tactical,,recurring,,2024-01-18,,,,,,,Tier 4,67296059,55396562,,5.50,,2025-05-15 04:10:26.580706+00,2026-02-05 03:06:41.859733+00,MID202510018,,true,365,365,-30,2026-03-01
9947f570-64da-403e-95c5-8b72f0793312,c31ac06c-a408-4bd3-ab01-320c7357fc6e,193514801304854,172,XXXXXXXXXXX,Engage - Hosting,"Launchr Website Hosting

https://dashboard.stripe.com/acct_1NiRVqEIu4BG5ePB/subscriptions/sub_1QiNc4EIu4BG5ePBLZQPUwLu",active,true,50.00,credit_card,points,tactical,,recurring,,2024-01-17,,,,,,,Tier 4,67296059,55396562,,0.50,,2025-05-15 04:10:26.580706+00,2026-01-02 20:21:16.736148+00,MID202510014,,true,30,30,-30,
08243d95-5720-464d-9d1c-3b5c51d1f1de,485602a3-8917-427d-9556-64924ced3fb9,193514801304854,1579,XXXXXXXXXXX,Face Works Events - Hosting,Website hosting plan,active,true,50.00,invoice,points,tactical,,recurring,,2021-07-01,,,,,,,Tier 4,67296059,55396562,,0.50,,2025-05-15 04:10:26.580706+00,2025-05-15 04:10:26.580706+00,MID202510026,,true,30,30,-30,
4fc11902-bdfa-48d3-8659-e25d96ee7ee6,c8561446-0c6a-4456-b7d3-bfb6ab37f62a,193514801304854,1457,XXXXXXXXXXX,Fairway - Hosting,"Launchr Website Hosting (Billed as Sarahfina Perry)

https://dashboard.stripe.com/acct_1NiRVqEIu4BG5ePB/subscriptions/sub_1QiMGUEIu4BG5ePBMrdb1P5n",canceled,true,50.00,credit_card,points,tactical,,recurring,,2024-02-04,,,,,,,Tier 4,67296059,55396562,,0.50,,2025-05-15 04:10:26.580706+00,2026-02-01 04:20:57.889666+00,MID202510005,,true,30,30,-30,
a0848f9d-3c37-4bbd-a7cf-c66f1b0cdaca,c8561446-0c6a-4456-b7d3-bfb6ab37f62a,193514801304854,1457,XXXXXXXXXXX,Fairway - Hosting,Launchr Website Hosting,canceled,true,100.00,credit_card,points,tactical,,recurring,,2024-02-04,,,,,,,Tier 4,67296059,55396562,,1.00,,2025-05-15 04:10:26.580706+00,2025-06-14 15:18:43.078709+00,MID202510009,,true,30,30,-30,
d2e7a6b3-dab7-4196-a1ba-7ed3f767f606,c8561446-0c6a-4456-b7d3-bfb6ab37f62a,193514801304854,1457,XXXXXXXXXXX,Fairway - Hosting,Launchr Website Hosting,canceled,true,50.00,credit_card,points,tactical,,recurring,,2024-02-04,,,,,,,Tier 4,67296059,55396562,,0.50,,2025-05-15 04:10:26.580706+00,2025-06-14 15:18:38.836087+00,MID202510007,,true,30,30,-30,
420a1834-831a-4502-84f8-04bf53cd9f71,89f4454d-0394-46c9-b8df-d179da2e0419,193514801304854,1790,XXXXXXXXXXX,FFNP - Hosting,"Launchr Website Hosting

https://dashboard.stripe.com/acct_1NiRVqEIu4BG5ePB/subscriptions/sub_1Or4vaEIu4BG5ePBQsMs6Z4f",active,true,50.00,credit_card,points,tactical,,recurring,,2024-03-05,,,,,,,Tier 4,67296059,55396562,,0.50,,2025-05-15 04:10:26.580706+00,2026-01-02 20:19:38.706825+00,MID202510004,,true,30,30,-30,
220c2aee-06a8-4b91-b528-c489aea56d2c,67457724-46ab-48a1-98b5-b34098c8aaf6,193514801304854,1441,XXXXXXXXXXX,Franconia Group - Hosting,Website hosting plan,active,true,50.00,invoice,points,tactical,,recurring,,2021-04-01,,,,,,,Tier 4,67296059,55396562,,0.50,,2025-05-15 04:10:26.580706+00,2025-05-15 04:10:26.580706+00,MID202510029,,true,30,30,-30,
45c1ce50-c1cd-477c-8c6c-6c8820d64e26,f8c6f504-dc40-4df0-ac57-04bec29939d7,193514801304854,1454,XXXXXXXXXXX,Interfaith Housing - Hosting,Website hosting plan,active,true,50.00,invoice,points,tactical,,recurring,,2021-07-01,,,,,,,Tier 4,67296059,55396562,,0.50,,2025-05-15 04:10:26.580706+00,2025-05-15 04:10:26.580706+00,MID202510028,,true,30,30,-30,
633b5e2c-4892-4097-9edf-b609ad4e880d,a5b599f5-c5b6-434c-a0ac-2087f5bedabf,193514801304854,2078,XXXXXXXXXXX,Just Win Consulting - Hosting,"Website Care Plan: Hosting & Updates

https://dashboard.stripe.com/acct_1NiRVqEIu4BG5ePB/subscriptions/sub_1QnVDHEIu4BG5ePBfQP9D19k",active,true,200.00,credit_card,points,tactical,,recurring,,2025-01-31,,,,,,,Tier 4,67296059,55396562,,2.00,,2025-05-15 04:10:26.580706+00,2026-01-02 20:11:52.203492+00,MID202510008,,true,30,30,-30,
afca7be1-0184-4af2-8891-13743f162caf,e7f60901-1aaa-457d-bd9b-bbc4eb3411f2,193514801304854,303,XXXXXXXXXXX,Logistics Lighting - Hosting,Website Care Plan: Hosting & Updates,inactive,true,200.00,credit_card,points,tactical,,recurring,,2024-02-15,,,,,,,Tier 4,67296059,55396562,,2.00,,2025-05-15 04:10:26.580706+00,2025-10-23 02:56:37.223687+00,MID202510015,,true,30,30,-30,
ddb05c23-de2c-4fc8-a772-5a777ebcff8d,2979e6e9-f236-492d-a026-0c2666f72138,193514801304854,1983,XXXXXXXXXXX,RD Law Firm - Hosting,Website Care Plan: Hosting & Updates,active,true,200.00,credit_card,points,tactical,,recurring,,2024-02-14,,,,,,,Tier 4,67296059,55396562,,2.00,,2025-05-15 04:10:26.580706+00,2025-05-15 04:10:26.580706+00,MID202510001,,true,30,30,-30,
0e3f6b12-7606-4f97-b9e5-6f5c04675c7a,0bb3e48f-fb14-478f-bf35-a48b036bff3d,193514801304854,191,XXXXXXXXXXX,Reliant Drywall - Hosting,"Website Care Plan: Hosting & Updates

https://dashboard.stripe.com/acct_1NiRVqEIu4BG5ePB/subscriptions/sub_1Oo69IEIu4BG5ePBXfXuRqkd",active,true,200.00,credit_card,points,tactical,,recurring,,2024-02-26,,,,,,,Tier 4,67296059,55396562,,2.00,,2025-05-15 04:10:26.580706+00,2026-01-02 20:12:13.169964+00,MID202510010,,true,30,30,-30,
f6c598cc-93b6-4976-b35a-1ff425193705,f1e3d530-ac15-464e-9864-0b861670f3ff,193514801304854,2148,XXXXXXXXXXX,Ripaus - Hosting,"Website Care Plan: Hosting & Updates

https://dashboard.stripe.com/acct_1NiRVqEIu4BG5ePB/subscriptions/sub_1Orn6iEIu4BG5ePBfqa0ih8X",active,true,200.00,credit_card,points,tactical,,recurring,,2024-03-07,,,,,,,Tier 4,67296059,55396562,,2.00,,2025-05-15 04:10:26.580706+00,2026-01-02 20:11:20.409288+00,MID202510003,,true,30,30,-30,
7ab0895c-26e8-4f16-8169-c2cfcdb47356,31ce5e8f-0497-45c7-a8ff-643b9cf8fdd3,193514801304854,1521,XXXXXXXXXXX,Signature Space - Hosting,Website hosting plan,active,true,50.00,invoice,points,tactical,,recurring,,2021-05-01,,,,,,,Tier 4,67296059,55396562,,0.50,,2025-05-15 04:10:26.580706+00,2025-05-15 04:10:26.580706+00,MID202510027,,true,30,30,-30,
00652748-60c0-4ccf-8daa-646cd36d7797,3405832d-256a-488e-8d65-44fa1f4c219f,193514801304854,1455,XXXXXXXXXXX,Teletrust - Hosting,Website hosting plan,canceled,true,50.00,invoice,points,tactical,,recurring,,2022-04-01,,,,,,,Tier 4,67296059,55396562,,0.50,,2025-05-15 04:10:26.580706+00,2025-12-10 23:22:48.953707+00,MID202510023,,true,30,30,-30,
81a74db1-5a16-497f-9a47-285a228157f8,03b56f62-7e98-4701-a1fc-9fd17d846d37,193514801304854,1623,XXXXXXXXXXX,The Manor - Hosting,Website hosting plan,active,true,50.00,invoice,points,tactical,,recurring,,2021-10-01,,,,,,,Tier 4,67296059,55396562,,0.50,,2025-05-15 04:10:26.580706+00,2026-02-07 13:14:24.568902+00,MID202510025,,true,365,365,-30,2026-10-01
999d3cdf-48f1-425c-ad5b-cbbc25076dd1,65ae30db-9b09-4cc8-8c56-648e7b3a4cb5,193514801304854,1998,XXXXXXXXXXX,True Standard Distilling - Hosting,"Website Care Plan: Hosting & Updates

https://dashboard.stripe.com/acct_1NiRVqEIu4BG5ePB/subscriptions/sub_1PVa6LEIu4BG5ePBPMM2d95V",active,true,200.00,credit_card,points,tactical,,recurring,,2024-06-25,,,,,,,Tier 4,67296059,55396562,,2.00,,2025-05-15 04:10:26.580706+00,2026-01-02 20:12:34.099592+00,MID202510011,,true,30,30,-30,
643b7b73-bce5-435f-a514-4c59b8966c16,0d426d63-20d1-4e5b-86bc-6dccdaa2c8b2,193514801304854,158,XXXXXXXXXXX,White House Nannies - Hosting,"Advanced Hosting Package

https://dashboard.stripe.com/acct_1NiRVqEIu4BG5ePB/subscriptions/sub_1Opf95EIu4BG5ePBbcp7fUDI",active,true,145.00,credit_card,points,tactical,,recurring,,2024-03-01,,,,,,,Tier 4,67296059,55396562,,1.45,,2025-05-15 04:10:26.580706+00,2026-01-02 20:15:32.259611+00,MID202510006,,true,30,30,-30,
23828c15-8b59-4933-8d71-306fd37ec127,190ba8bd-4046-46bc-81dd-5f39b71a5e51,9341454074930384,16,XXXXXXXXXXX,"Zive - Creative, digital, website","Creative, digital, website",inactive,false,6125.00,invoice,hours,tactical,90172248213,recurring,,2025-07-22,,,,,,,Tier 1,89321438,89158970,,61.25,,2025-05-14 03:43:15.68564+00,2025-10-21 03:47:42.375884+00,MID20257774,175,false,93,0,-30,2025-10-22
85b44d56-c18a-42db-9450-13511bfc0771,5d1d6a8e-04dd-484c-afe7-67d47ba9c672,9341454074930384,45,29946860205,TrueNAS - Campaign retainer,Campaign management,canceled,false,5250.00,invoice,points,tactical,90172342794,recurring,,2025-04-09,,,,,,,Tier 1,89302316,89305543,,52.50,,2025-05-14 03:39:31.26921+00,2025-07-07 13:42:39.422078+00,MID20253841,,false,90,0,-14,
4a0c638f-a80d-4cfa-87df-db21adac7ff1,5d1d6a8e-04dd-484c-afe7-67d47ba9c672,9341454074930384,45,XXXXXXXXXXX,"TrueNAS - Creative, digital, website","Creative, digital, website",canceled,false,6125.00,invoice,hours,tactical,90172248209,recurring,,2025-02-03,,,,,,,Tier 1,89302316,89305543,,61.25,,2025-05-14 03:37:06.800769+00,2025-07-07 13:42:47.425432+00,MID20253027,175,false,90,0,0,
f0b6f821-4ce1-48e1-a1cb-dc5bf89c5da2,d3a35e19-9fa3-4442-94a4-8691957bccf2,9341454074930384,15,XXXXXXXXXXX,"Symbotic - Creative, digital, website","Creative, digital, website",canceled,false,4375.00,invoice,hours,tactical,90172248207,recurring,,2024-02-12,,,,,,,Tier 4,89319925,67296059,,43.75,,2025-05-14 03:27:37.162452+00,2025-07-29 21:21:19.807184+00,MID20259683,175,false,0,0,0,2025-06-21
d7cf4f08-8106-46e7-b22d-c1f0c4e8ba1f,55be1d17-d742-41f5-89d5-7e60763f12c8,9341454074930384,14,XXXXXXXXXXX,"Rugged Robotics - Creative, digital, web","Rugged Robotics would like to extend their existing Creative, Digital, and Website
retainer titled: ‘Rugged_Robotics_Ideometry_Retainer_Agreement.pdf’ signed on 1/4/24
by Rob Schnitzler.",inactive,false,6125.00,invoice,hours,tactical,90172248206,recurring,,2024-12-31,,,,,,,Tier 2,95153711,60810284,,61.25,,2025-05-14 03:21:42.02016+00,2025-12-02 01:20:26.80754+00,MID20259572,175,false,365,0,-60,2025-12-22
d9212421-1590-4b34-bb7c-2a2aab3ff2f1,5010c93d-4efc-4829-aad7-35dc54716040,9341454074930384,13,XXXXXXXXXXX,"Realtime Robotics - Creative, digital, website","The client would like to retain the agency to perform creative, digital, and website services from
the period starting January 1, 2025 and ending June 30, 2025. During the retainer period, the
agency agrees to devote up to thirty-five (35) hours per month on assignments determined by
the client (limited to the list of services below). Work priority and scheduling will be at the
discretion of the client. Work will normally occur between the hours of 9 AM to 5 PM ET on
weekdays (Monday through Friday). Project estimates are not guaranteed and it is possible that
any project/task will take shorter or longer than the estimate provided. Client shall be charged
based on the actual number of hours worked rather than the estimate.",canceled,false,6125.00,invoice,hours,tactical,90172248194,recurring,,2025-01-01,,,,,,,Tier 1,89302316,89305543,,61.25,,2025-05-14 03:16:11.696808+00,2025-07-01 14:02:51.887166+00,MID20252473,175,false,180,0,-60,
96c13783-3eba-4297-8ed8-ef79506003f3,5010c93d-4efc-4829-aad7-35dc54716040,9341454074930384,13,XXXXXXXXXXX,Realtime Robotics - Brand activation project,"The Brand Activation Project is a comprehensive marketing project
that includes the development of a revised brand, messaging, and website.",inactive,false,38475.00,invoice,points,tactical,90172248146,project,,2024-12-02,,,,,,,Tier 4,89302316,89305543,,0.00,,2025-05-14 03:09:28.390362+00,2025-08-04 14:51:35.754892+00,MID20258089,,false,,,,
460cc51e-a671-40c3-9c21-baaad3cdb507,23285852-b7f1-4eba-9009-db7b0a18f1be,9341454074930384,17,XXXXXXXXXXX,"Powerhouse Gym - Creative, digital, website services",Creative services,active,false,3150.00,invoice,hours,tactical,90172248189,recurring,,2025-05-01,,,,,,,Tier 4,89321438,89383198,,31.50,,2025-05-14 02:59:11.582186+00,2026-02-07 13:14:24.360149+00,MID20258726,175,false,426,0,-60,2026-02-20
a9561141-7db2-4baf-b5b5-4ac70324e045,1a58c74e-d7c8-46df-a56b-c7dbddf7d9e6,9341454074930384,11,XXXXXXXXXXX,"FoxyAI - Creative, digital, web services",Creative services,active,false,3500.00,invoice,hours,tactical,90172248186,recurring,,2024-06-25,,,,,,,Tier 4,89321438,89288697,,35.00,,2025-05-14 02:54:00.784126+00,2026-02-07 13:14:27.04437+00,MID20252051,175,false,0,0,0,2026-02-20
5a454bdc-263f-4fb2-98bc-c6d077f7be6c,09a7c642-8b4e-41dc-a788-459d9cb868f7,9341454074930384,9,XXXXXXXXXXX,Evolv - Campaign retainer,"Evolv Technology would like to retain Ideometry to perform
ongoing campaign management, optimization, and reporting for paid digital marketing
campaigns from the period January 1, 2025, to December 31, 2025. Work priority and
scheduling will be at the discretion of Evolv Technology. Work will normally occur between the
hours of 9AM to 5PM on weekdays (Monday through Friday).",canceled,false,6250.00,invoice,points,tactical,90172248182,recurring,,2025-01-01,,,,,,,Tier 1,89319925,89305543,,62.50,,2025-05-14 02:22:36.802718+00,2025-07-01 13:59:40.370055+00,MID20254465,,false,120,0,-30,
6d562562-95ce-4b3b-af69-93f78f8c665f,09a7c642-8b4e-41dc-a788-459d9cb868f7,9341454074930384,9,XXXXXXXXXXX,"Evolv - Creative, digital, web services","Evolv Technology would like to
retain Ideometry to perform crea- tive, digital and website services from the period January 8,
2025, to June 30, 2025. During the retainer period Ideometry agrees to devote up to one
hundred (100) hours per month on assignments determined by Evolv Technology (limited to the
list of services below). Work priority and scheduling will be at the discretion of Evolv Technology.
Work will normally occur between the hours of 9AM to 5PM on weekdays (Monday through
Friday).",canceled,false,1650.00,invoice,hours,tactical,90172248181,recurring,,2025-07-07,,,,,,,Tier 4,89312700,89288697,,10.00,,2025-05-14 02:19:20.930547+00,2026-01-02 19:03:22.324485+00,MID20257404,165,false,177,0,-30,2026-01-01
bad1525d-a16b-46e5-b8ae-97e5b20326b2,46fbebc0-6e79-4df0-9db2-1c89780db575,9341454074930384,59,XXXXXXXXXXX,"Cybernetix - Creative, digital, website services","Creative, digital, website services",active,false,0.00,invoice,hours,tactical,90172248173,recurring,,2024-06-07,,,,,,,Tier 4,89321438,50351772,,25.00,,2025-05-14 01:16:58.202539+00,2026-01-30 21:45:08.933491+00,MID20259055,175,false,0,0,0,
99afab41-510e-48ec-8edf-5761e7f8b864,5dd50c2c-59a0-426b-b39c-285669d29bf3,9341454074930384,10,XXXXXXXXXXX,Cyberhaven - Campaign management,Campaign management services,canceled,false,5250.00,invoice,points,tactical,90172248170,recurring,,2025-04-01,,,,,,,Tier 1,89319925,67296059,,52.50,,2025-05-14 01:03:02.846711+00,2025-07-24 21:40:24.262849+00,MID20255007,175,false,275,0,-15,2025-06-21
31e58b14-0eb4-4426-bf81-526dce1d90b7,5dd50c2c-59a0-426b-b39c-285669d29bf3,9341454074930384,10,34825436966,"Cyberhaven - Field marketing creative, digital, website retainer","Field marketing creative, digital, website services",inactive,false,4375.00,invoice,hours,tactical,90172318951,recurring,,2025-04-01,,,,,,,Tier 4,89391258,89288697,,43.75,,2025-05-14 00:56:07.479994+00,2025-11-29 22:22:15.041235+00,MID20257890,175,false,275,0,-15,2025-06-21
628125d4-2ae7-4893-b1b6-fefc174b06a2,5dd50c2c-59a0-426b-b39c-285669d29bf3,9341454074930384,10,34825436966,"Cyberhaven - Creative, digital, website retainer","Creative, digital, website services",canceled,false,6125.00,invoice,hours,tactical,90172248168,recurring,,2025-04-01,,,,,,,Tier 4,89391258,89288697,,61.25,,2025-05-14 00:16:29.19811+00,2025-11-29 22:22:02.372117+00,MID20257266,175,false,275,0,-15,2025-06-21
ca611d56-212a-4c43-8c3c-e4c166fd03e7,831da331-5116-46dc-9006-3d4253d7d51e,9341454074930384,44,XXXXXXXXXXX,Bionomous - Brand activation project,"The Brand Activation Project is a comprehensive marketing project
that includes the development of a revised brand, messaging, and collateral and
website.",inactive,false,0.00,invoice,points,tactical,90172256798,project,,2024-10-13,,,,,,,Tier 4,89305543,89305543,,0.00,,2025-05-13 23:56:40.828078+00,2025-10-30 22:10:41.856725+00,MID20258057,,false,,,,
0d71838c-1f77-4c98-9799-63949e1e9b3d,63deaf7a-c397-441a-aed5-03d1c5073988,9341454074930384,46,35872380560,Beamable Network - Website project,"Beamable is seeking a full rebuild of the Beamable.Network website to migrate it from
its current rigid architecture to a more flexible and user-friendly CMS, such as
WordPress. The goal is to empower the marketing team to make updates
independently, while modernizing the site’s look and ensuring it remains true to
Beamable’s overall brand.",inactive,false,13750.00,invoice,points,tactical,90172368083,project,,2025-04-17,,,,,,,Tier 4,50351772,50351772,,0.00,,2025-05-13 23:44:07.171638+00,2025-09-01 14:29:08.897466+00,MID20253346,,false,,,,
465f0273-c6ed-45d7-bd85-1750d86049d8,63deaf7a-c397-441a-aed5-03d1c5073988,9341454074930384,46,33456565413,"Beamable - Creative, Digital and Website Retainer ",GTM engineering and digital marketing services,canceled,false,6125.00,invoice,hours,tactical,90172263214,recurring,,2025-03-01,,,,,,,Tier 1,89292512,89319924,,61.25,,2025-05-13 23:39:16.814543+00,2025-06-02 20:35:16.124069+00,MID20259213,175,false,90,0,0,
f22cd909-ed22-4f41-91b7-f0c53af9de04,63deaf7a-c397-441a-aed5-03d1c5073988,9341454074930384,46,33899245451,Beamable - Video project,"Ideometry will partner with Beamable to develop a series of five (5) custom motion
graphic animation videos designed to maintain a cohesive, branded visual identity.
These videos will serve as engaging, high-impact assets for use across the website,
email marketing, and both organic and paid media campaigns.
Each video will be approximately 60 seconds in length, following a structured production
process that ensures strategic alignment while maintaining a cohesive narrative and
brand aesthetic across the series. The videos will share a consistent design language,
visual elements, and motion style to reinforce brand continuity.",inactive,false,0.00,invoice,points,tactical,90172262591,project,,2025-03-03,,,,,,,Tier 4,50351772,50351772,,0.00,,2025-05-13 23:33:13.595604+00,2025-09-01 14:26:33.610483+00,MID20257238,,false,,,,
7630429a-0e66-45f8-9124-75dce08b9abc,02c5627c-46f7-48c1-b0e0-5fa501961e0a,9341454074930384,6,37166646707,Arpio - Campaign Management,Campaign management services,canceled,false,5250.00,invoice,points,tactical,90172248166,recurring,,2024-12-31,,,,,,,Tier 1,89319925,89305543,,52.50,,2025-05-13 22:38:11.253564+00,2025-07-01 14:08:28.549854+00,MID20258233,,false,182,0,0,
157d9896-c494-4aeb-b665-b95d0c5ea3d8,02c5627c-46f7-48c1-b0e0-5fa501961e0a,9341454074930384,6,37166646707,"Arpio - Creative, Digital, and Website retainer",Creative services,canceled,false,6125.00,invoice,hours,tactical,90172248165,recurring,,2024-12-31,,,,,,,Tier 1,89319925,89305543,,61.25,,2025-05-13 22:29:39.333143+00,2025-07-01 14:16:28.926612+00,MID20257199,175,false,182,0,0,
34a78019-4e48-49ee-a4fe-6c6f88ba7fac,7feb48a4-c21f-43c4-9f6c-45b8ca581e11,193514801304854,307,21822519851,Wilburn - Content marketing services,"Blog posts, website maintenance",active,false,1750.00,invoice,points,tactical,104329044,recurring,,2025-01-01,,,,,,,Tier 4,89391258,89383198,,17.00,,2025-05-13 18:18:09.967056+00,2026-02-07 13:14:27.57661+00,MID20254457,,true,90,90,-45,2026-03-01
e491cad6-0db4-4d35-985b-11af202637d6,1168ed43-e8a4-4711-a0aa-bdcbf7faf4d6,193514801304854,2038,21821017936,VITAL - Marketing services,Content and creative services,active,false,4000.00,invoice,points,tactical,90171578464,recurring,,2024-06-15,,,,,,,Tier 4,89391258,50351772,,60.00,,2025-05-13 18:14:46.74273+00,2026-02-07 13:14:28.413303+00,MID20251778,,true,90,90,-45,2026-03-01
376458e4-02d2-4b97-839a-b65e8fb92492,57f95fde-4531-4580-b674-8400f55ce260,123145757279014,556,21821068677,Verisk - Marketing services,Content services,active,false,10000.00,invoice,points,tactical,90020895691,recurring,,2024-11-25,,,,,,,Tier 4,89391258,50351772,,90.00,,2025-05-13 15:43:46.381003+00,2026-02-07 13:14:26.357606+00,MID20252047,,false,365,0,0,2026-03-01
795c0add-539c-4832-89d3-f675f5212a4f,4243241c-18dc-441a-8aa9-887911b4021a,123145757279014,881,37164131933,AJ Nash - Podcast services,Podcast services,active,false,1350.00,credit_card,points,tactical,90171600009,recurring,,2025-01-01,,,,,,,Tier 4,89321438,89383198,,14.00,,2025-05-13 15:34:24.280326+00,2026-02-03 14:49:41.441164+00,MID20259835,,true,30,30,-45,
47353e80-a653-43e0-9be5-ffd264500cd5,28477ff0-8194-4bbe-b605-1f66b0ebd8a3,193514801304854,2072,21821032463,ThreatMark - Marketing services,"ABM, paid, content, reporting",active,false,10000.00,invoice,points,tactical,90171841779,recurring,,2024-09-23,,,,,,,Tier 4,89383198,89288697,,100.00,,2025-05-13 15:19:22.245755+00,2026-02-07 13:14:26.779064+00,MID20256506,,true,90,90,-45,2026-03-01
68ca655f-2844-4510-88a2-86afa702dad9,6355a969-430d-4bc8-8dca-51a221be239c,123145757279014,635,30232624745,Thermo Fisher - Content marketing services,Podcast production services,canceled,false,1995.00,credit_card,points,tactical,90020895716,recurring,,2021-12-09,,,,,,,Tier 4,89391258,50351772,,20.00,,2025-05-13 15:14:15.666125+00,2025-12-09 04:42:07.633858+00,MID20258897,,true,30,30,-30,
e179c593-1cc6-47df-b456-24fba4e9e0b0,f7dbef77-0a6a-4b73-aab5-05babebac3cd,193514801304854,2058,22111631187,Techmode - Marketing services,"ABM, content, paid, etc.",active,false,5000.00,invoice,points,strategic,90171742902,recurring,,2024-09-18,,,,,,,Tier 4,89312700,89288697,,50.00,,2025-05-13 14:19:00.441587+00,2026-02-07 13:14:27.730934+00,MID20255818,,true,180,180,-45,2026-03-01
47625287-6c67-4d1c-bff1-6781801c267b,9763969e-787a-4528-aade-5a5942a4c069,123145757279014,874,22692270154,Syncro - Content marketing services,"Podcast services, guest booking, and additional content",active,false,3500.00,credit_card,points,tactical,90171284325,recurring,,2024-07-03,,,,,,,Tier 4,89391258,50351772,,35.00,,2025-05-13 13:58:37.694038+00,2025-10-16 02:26:23.042942+00,MID20254194,,true,90,90,-45,
8e9c5856-d1ac-46c8-925d-0f263c6221dc,8d8a7152-0c94-4db3-96c4-e962a8e2c521,193514801304854,2081,28455714896,Sedra Solutions - Marketing services,"Content marketing, paid campaigns, etc",active,false,5000.00,invoice,points,strategic,90171904143,recurring,,2025-01-01,,,,,,,Tier 3,89321438,50351772,,75.00,,2025-05-13 13:44:05.108319+00,2026-02-07 13:14:27.890102+00,MID20255565,,true,270,90,-45,2026-03-01
074099f7-ba0f-4d62-a586-694190afc31d,04ac6f3f-e830-48d9-9225-40c8cd343043,193514801304854,390,21821049375,Rod Miller - Content marketing services,Content creation,active,false,2000.00,invoice,points,tactical,115257172,recurring,,2025-01-01,,,,,,,Tier 4,89391258,89383198,,20.00,,2025-05-13 13:39:04.593639+00,2026-02-07 13:14:27.413437+00,MID20258517,,true,90,90,-45,2026-03-01
626eb138-648b-4c74-a928-1604d9243a8e,41e0edc9-5f68-4269-8d45-c48cb18a308c,193514801304854,1689,34562006594,Ricoh - Marketing services,"Marketing services such as content creation, creative services, etc.",active,false,9500.00,invoice,points,tactical,90172318974,recurring,,2025-10-01,,,,,,,Tier 2,89230992,89383198,,95.00,,2025-05-13 12:27:20.894674+00,2026-02-07 13:14:27.64633+00,MID20259631,,false,182,0,0,2026-03-01
d74fe013-f46b-4401-99d4-0c21bf7e7564,a7bfb92d-1701-4806-9618-f4df1a27e180,193514801304854,2093,28632228664,Numeric - Podcast services,"Podcast services, including editing, writing, images, etc",active,false,3500.00,invoice,points,tactical,90171999273,recurring,,2024-11-25,,,,,,,Tier 4,89321438,50351772,,45.00,,2025-05-13 12:04:49.63534+00,2026-02-07 13:14:27.797265+00,MID20256737,,true,90,90,-45,2026-03-01
a0bc54c6-1ce1-462b-af74-b7fd8994294a,43ff3784-5836-42a7-bfb6-771da4663abe,193514801304854,2101,29418410521,Noetic - Marketing services,"ABM, paid, content, performance reporting",canceled,false,8000.00,invoice,points,strategic,90172053425,recurring,,2025-01-22,,,,,,,Tier 4,89230992,89288697,,80.00,,2025-05-13 11:58:15.840285+00,2026-01-02 19:24:59.193336+00,MID20252371,,true,343,90,-45,2026-01-01
f0528a87-a789-4a97-91f0-365d1c89f610,869f8dc3-00a8-4997-962a-d8e359ddda5d,123145757279014,742,21821012483,NEACH - Content marketing services,Podcast content services,active,false,5500.00,credit_card,points,tactical,90101547984,recurring,,2023-11-15,,,,,,,Tier 4,89391258,50351772,,55.00,,2025-05-13 11:49:16.088876+00,2025-12-08 19:40:47.49923+00,MID20259295,,true,90,90,-45,
e575957b-40a2-4805-8142-300676f8ba10,ee7a11ea-9d19-45e6-84f1-a5fb24cddd50,123145757279014,640,21820876971,Kolbe - Marketing services,"Content, paid, ABM",canceled,false,6000.00,credit_card,points,tactical,90020895720,recurring,,2024-01-08,,,,,,,Tier 4,89230992,89288697,,80.00,,2025-05-13 02:33:09.949505+00,2026-01-02 18:52:27.091398+00,MID20255562,,true,90,90,-45,2025-07-18
2a68cce9-9d9a-4975-93b1-79423190d1fd,bf1a366a-976c-4538-b2f9-a7318ecbdbcc,123145757279014,653,21821068676,Inside Tracker - Podcast services,Podcast content services,active,false,2500.00,credit_card,points,tactical,90020895704,recurring,,2024-08-22,,,,,,,Tier 4,89391258,50351772,,35.00,,2025-05-13 02:24:12.832006+00,2025-12-22 18:27:28.666438+00,MID20256650,,true,90,90,45,
f4977d24-7a91-4f15-b94c-90c4b66043f5,419d7721-d186-4380-bb9f-6f12204663d4,193514801304854,1626,21821049386,Hydrian - Marketing services,"ABM, paid, content, website maintenance",active,false,4000.00,invoice,points,strategic,115272781,recurring,,2024-05-01,,,,,,,Tier 3,95153711,50351772,,75.00,,2025-05-13 02:16:16.857979+00,2026-02-07 13:14:24.228742+00,MID20255922,,true,30,30,-45,2026-03-01
c75cc6aa-f039-4f95-9fdf-cb7d2c51d43d,ce9103d3-a98b-4b9d-ae2f-24464fac1e2a,193514801304854,2055,21821017934,COFACE - Marketing services,"ABM, paid, content",inactive,false,10000.00,invoice,points,strategic,90171413264,recurring,,2024-08-15,,,,,,,Tier 4,89230992,67296059,,100.00,,2025-05-13 02:09:35.581478+00,2025-09-30 17:34:24.856104+00,MID20253851,,false,90,90,-45,2025-06-01
95e4610f-7db1-45e4-9172-d869d27b3f54,16d05491-2b17-4dd8-bf33-605c60ef1ab3,193514801304854,2144,36609562719,Agrippon - Aligned Growth Engine,AGE project,completed,false,8000.00,invoice,points,strategic,90172414537,project,,2025-05-02,,,,,,,Tier 1,60810284,60810281,,0.00,,2025-05-13 01:54:24.697086+00,2025-06-06 15:48:13.030985+00,MID20254922,,false,,,,
1c97fdcc-44d1-4c7f-ae7e-e321538f8e07,79218c11-1a02-4dc1-8c6b-750cec933915,193514801304854,1901,36153542941,WeFixFreight - Marketing services,"ABM, paid, content, website maintenance",active,false,5000.00,invoice,points,strategic,90020711102,recurring,,2023-06-18,,,,,,,Tier 4,89383198,50351772,,50.00,,2025-05-10 04:19:50.46651+00,2026-02-07 13:14:27.249866+00,MID20256524,,true,210,90,-45,2026-03-01
89a11cbe-e1fa-437e-911b-ad5c1ec7101e,7934a4a4-632b-4e48-b7ba-fe916fd9c19b,193514801304854,1768,21821145128,BioSafe - Marketing services,"ABM, paid, content, website maintenance",active,false,10300.00,credit_card,points,tactical,115336658,recurring,,2023-08-11,,,,,,,Tier 4,89312700,50351772,,100.00,,2025-05-07 20:34:39.91376+00,2026-02-07 13:14:28.203229+00,MID20259985,,true,90,90,-45,2026-03-01
46803270-1215-49e3-be20-57cd40c4c1c6,e98573e9-e8b6-489d-8c3f-042533bfd2d7,123145757279014,678,21821104272,Bazaarvoice - Content marketing services,"Video content, marketing services",active,false,2500.00,invoice,points,tactical,90020895722,recurring,,2024-01-12,,,,,,,Tier 4,89391258,50351772,,25.00,,2025-05-07 20:12:51.971329+00,2026-02-07 13:14:24.425799+00,MID20259914,,true,90,90,-45,2026-04-01
859e1b35-f3e9-4386-8902-c42f3a2e3d81,d4239e9a-bbc2-4b21-90b5-8ac37d08dc65,193514801304854,2074,22571803409,Shockoe - Marketing Services,"Marketing services such as paid, content, ABM",canceled,false,7000.00,invoice,points,strategic,90171847471,recurring,,2024-12-01,,,,,,,Tier 4,89383198,89288697,,100.00,,2025-05-07 16:30:23.525692+00,2026-01-02 19:08:12.808482+00,MID20257538,,true,180,90,-45,2026-01-01
1dfa0740-7026-41e8-99d2-30d23c1affdc,0b664faf-94c1-4231-8c68-8e1a317d2f21,123145757279014,555,21820876973,Tyfone - Content marketing services,"Content marketing, podcast editing, writing, video production",active,false,4500.00,credit_card,points,tactical,90171663025,recurring,,2024-07-18,,,,,,,Tier 4,89391258,50351772,,45.00,,2025-05-07 14:44:11.619516+00,2025-10-16 02:27:06.622723+00,MID20258836,,true,90,90,-45,
424a7ded-456e-4119-9056-05c52f958632,88a9c8ea-cede-474b-88c9-932de6bb32f0,193514801304854,2141,34825468296,PTO Exchange - Marketing Services,"ABM, paid, content",active,false,10000.00,invoice,points,strategic,90172270333,recurring,,2025-04-17,,,,,,,Tier 1,89230992,89383198,,130.00,,2025-05-05 20:30:54.019527+00,2026-02-07 13:14:24.722772+00,MID20252944,,true,180,90,-45,2026-03-01
f0844898-d409-4620-94cb-582697895479,77fb0444-265f-4bfd-ab0b-617517dc5071,193514801304854,2126,34825468052,Planon - Marketing Services,"ABM, paid services and content",active,false,6000.00,invoice,points,strategic,90172263723,recurring,,2025-04-11,,,,,,,Tier 1,89321438,50351772,,60.00,,2025-05-05 04:20:37.584567+00,2026-02-07 13:14:27.112132+00,MID20253611,,true,270,90,-45,2026-03-01
08c6a7d9-7725-4985-9727-539b0511f5f4,5e814985-78f9-4dea-8694-3939351de369,193514801304854,2103,29370305802,Global Shared Services - Marketing Services,Marketing services,active,false,9000.00,invoice,points,tactical,90172066317,recurring,,2025-01-01,,,,,,,Tier 4,95153711,50351772,,110.00,,2025-05-05 04:01:13.565422+00,2026-02-07 13:14:28.521786+00,MID20259442,,true,90,90,-45,2025-06-01
d47849bd-f435-43a2-8576-7c6e09b33288,db03fbec-af3c-4a03-b820-7eb946fc8e8c,193514801304854,2065,21955977240,Finley - Marketing Services,Services,inactive,false,6500.00,invoice,points,tactical,90171792489,recurring,,2024-09-03,,,,,,,Tier 4,89288697,89288697,,65.00,,2025-05-05 03:38:25.147891+00,2025-09-01 14:34:09.801849+00,MID20256900,,true,90,90,-45,2025-06-01
2e567277-63cb-4e5c-8bf8-863a82c35e62,65da856f-7eaa-45d4-a213-a649bbd4c50c,193514801304854,1674,33448290109,Avanti Systems - Marketing Services,Stuff,inactive,false,9500.00,invoice,points,strategic,90172318908,recurring,,2025-04-01,,,,,,,Tier 4,89321438,60810284,,95.00,,2025-05-05 00:44:54.247416+00,2025-09-30 17:20:36.22729+00,MID20258212,,false,180,0,0,2025-06-01
edc65e33-1ebe-426f-86ed-ec9194f8e359,005705a4-009c-4a1f-86e7-454b7667d04d,193514801304854,1977,21821104273,iCorps - Marketing Services,"Marketing services such as ABM, content, and website maintenance",active,false,6500.00,invoice,points,strategic,90171012399,recurring,,2024-02-01,,,,,,,Tier 4,89230992,89288697,,65.00,,2025-04-22 12:01:00.620446+00,2026-02-07 13:14:27.978506+00,MID20240005,,true,90,90,-45,2026-03-01
647614dd-d464-47a8-af00-f8215b6dc435,3c8fe5aa-bdd7-42ec-a4e1-7472d06fa449,193514801304854,2102,29903675830,AutoBytes - Aligned Growth Engine,Some interesting stuff here,completed,false,8000.00,credit_card,points,strategic,,project,,2024-12-10,,,,,,,,,,,,,2025-04-17 03:18:26.201437+00,2025-05-06 01:23:08.220064+00,MID20252025,,,,,,
e82b7c41-6d8a-47f9-b6c3-9d1a2e3f4b5c,f6fe0b46-52a7-4265-8509-5e78b2b84675,123145757279014,889,33118027558,Ease - Podcast Services,Podcast production services,active,false,2500.00,invoice,points,tactical,90172275914,recurring,,2025-03-13,,,100,,,,Tier 4,89312700,89383198,,45.00,,2025-04-16 05:10:19.185+00,2026-02-07 13:14:27.177092+00,MID20250002,,true,90,90,-45,2026-03-01
d94a66c7-a368-4301-a59e-bd31fb1f1997,3c8fe5aa-bdd7-42ec-a4e1-7472d06fa449,193514801304854,2102,30791559246,AutoBytes - Marketing Services,Some interesting stuff here,inactive,false,10000.00,credit_card,points,strategic,90172035825,recurring,"[""content"",""social""]",2025-10-01,,,100,0,0,100,Tier 4,89230992,89288697,,100.00,,2025-04-13 21:08:53.151202+00,2025-11-03 13:53:19.320764+00,MID20250001,,true,30,0,0,2025-06-01